Feature ID,Task ID,Task Name
F1,1.1,Implement JSON Data Import
F1,1.2,Implement CSV Data Import
F1,1.3,Implement GeoJSON Data Import
F1,1.4,Develop API Sync for Google Data - Initial Connection Setup
F1,1.5,Develop API Sync for Google Data - Data Extraction Logic
F1,1.6,Develop API Sync for Google Data - Error Handling and Logging
F1,1.7,Handle Error Cases for Invalid File Formats - Detect Invalid Formats
F1,1.8,Handle Error Cases for Invalid File Formats - Generate User-Friendly Error Messages
F1,1.9,Develop API Sync for Spotify Data - Authentication and Token Management
F1,1.10,Develop API Sync for Spotify Data - Data Retrieval
F1,1.11,Develop Manual Data Sync for Microsoft Data
F2,2.1,Develop Widget Drag-and-Drop Functionality - Basic Dragging Mechanism
F2,2.2,Develop Widget Drag-and-Drop Functionality - Snap-to-Grid Implementation
F2,2.3,Create Line Chart Visualization Component
F2,2.4,Create Heatmap Visualization Component
F2,2.5,Implement Dashboard Layout Customization - User Layout Persistence
F2,2.6,Add Widget Resizing and Position Saving Features
F3,3.1,Implement Data Deduplication Process - Identify Duplicate Entries
F3,3.2,Implement Data Deduplication Process - Remove Duplicates with User Confirmation
F3,3.3,Develop Metadata Enrichment for Geospatial Data - Add City and Country Details
F3,3.4,Develop Metadata Enrichment for Geospatial Data - Integrate Weather Data
F3,3.5,Develop Enrichment of Music Data with Genre Information
F3,3.6,Normalize Data Across Different Sources - Define Standardized Formats
F3,3.7,Normalize Data Across Different Sources - Convert Data to Standard Formats
F3,3.8,Handle Missing Data During Enrichment - Identify Missing Fields
F3,3.9,Handle Missing Data During Enrichment - Generate Placeholder or Default Values
F4,4.1,Implement OAuth Authentication for Google Integration
F4,4.2,Implement OAuth Authentication for Spotify Integration
F4,4.3,Set Up LUKS Encryption for Local Storage - Initial Configuration
F4,4.4,Set Up LUKS Encryption for Local Storage - Testing and Verification
F4,4.5,Set Up TLS Encryption for Data in Transit
F5,5.1,Develop Trend Detection Functionality - Identify Key Data Trends
F5,5.2,Develop Trend Detection Functionality - Visualize Trends on Dashboard
F5,5.3,Develop Anomaly Detection Alerts - Define Anomaly Criteria
F5,5.4,Develop Anomaly Detection Alerts - Implement Alert System
F5,5.5,Create Custom Report Generation Feature
F5,5.6,Implement Scheduled Automated Report Generation
F6,6.1,Develop General Data Correlation Mechanism - Define Correlation Parameters
F6,6.2,Develop General Data Correlation Mechanism - Implement Correlation Logic
F6,6.3,Implement Cross-Source Correlation for Different Data Types
F6,6.4,Create User-Defined Correlation Rules
F7,7.1,Develop Manual Upload of Google Takeout Data
F7,7.2,Implement Error Feedback for Incomplete Data
F7,7.3,Validate Data Format During Manual Upload